EmployeeID,FirstName,LastName,Department,Position,Salary,JoiningDate,Country
118,Mike,Johnson,Finance,Accountant,78184,2016-08-20,Australia
120,James,Brown,Finance,Accountant,65327,2011-08-20,Australia
425,Robert,Davis,Finance,Accountant,70473,2023-05-07,Australia
451,Robert,Smith,Finance,Accountant,94604,2019-09-28,Australia
544,John,Johnson,Finance,Accountant,96097,2017-03-26,Australia
155,Sara,Lopez,Marketing,Content Strategist,55943,2019-02-25,Australia
162,David,Garcia,Marketing,Content Strategist,82755,2012-01-07,Australia
197,Emily,Clark,Marketing,Content Strategist,84569,2013-03-21,Australia
267,Mike,Wilson,Marketing,Content Strategist,96005,2018-12-10,Australia
268,James,Doe,Marketing,Content Strategist,62463,2014-01-27,Australia
613,David,Lopez,Marketing,Content Strategist,71802,2019-10-08,Australia
658,Sara,Brown,Marketing,Content Strategist,53105,2017-08-15,Australia
70,Jane,Martinez,Support,Customer Support Specialist,61320,2011-05-29,Australia
189,Robert,Davis,Support,Customer Support Specialist,67096,2016-01-25,Australia
527,Sara,Brown,Support,Customer Support Specialist,96415,2018-08-08,Australia
580,Robert,Davis,Support,Customer Support Specialist,95611,2019-11-05,Australia
134,Robert,Garcia,Engineering,Data Scientist,81907,2023-02-08,Australia
245,Emily,Doe,Engineering,Data Scientist,90541,2010-06-08,Australia
713,Mary,Brown,Engineering,Data Scientist,59140,2020-04-04,Australia
524,James,Johnson,Engineering,DevOps Engineer,78408,2011-04-09,Australia
588,Jane,Martinez,Engineering,DevOps Engineer,57595,2021-07-04,Australia
790,Mike,Doe,Engineering,DevOps Engineer,75252,2017-11-05,Australia
864,John,Davis,Engineering,DevOps Engineer,82121,2015-09-14,Australia
455,Mary,Brown,Finance,Financial Analyst,95718,2014-01-12,Australia
612,Linda,Martinez,Finance,Financial Analyst,77880,2011-06-04,Australia
702,Sara,Garcia,Finance,Financial Analyst,78560,2018-08-09,Australia
775,Emily,Clark,Finance,Financial Analyst,94526,2020-02-15,Australia
786,James,Johnson,Finance,Financial Analyst,70674,2020-10-13,Australia
858,Robert,Johnson,Finance,Financial Analyst,96931,2022-03-12,Australia
866,Emily,Smith,Finance,Financial Analyst,51284,2015-07-13,Australia
901,David,Doe,Finance,Financial Analyst,65936,2012-08-28,Australia
920,Linda,Lopez,Finance,Financial Analyst,51679,2019-10-07,Australia
950,David,Clark,Finance,Financial Analyst,95485,2021-07-25,Australia
30,Robert,Wilson,Design,Graphic Designer,78520,2021-11-05,Australia
77,Emily,Brown,Design,Graphic Designer,75662,2014-05-01,Australia
194,Jane,Brown,Design,Graphic Designer,63423,2011-12-02,Australia
205,John,Wilson,Design,Graphic Designer,75771,2022-03-29,Australia
379,Emily,Wilson,Design,Graphic Designer,48194,2016-07-05,Australia
80,Mary,Clark,HR,HR Specialist,85591,2016-08-19,Australia
151,Linda,Lopez,HR,HR Specialist,87367,2013-03-22,Australia
642,Robert,Martinez,HR,HR Specialist,98459,2020-12-07,Australia
859,Jane,Wilson,HR,HR Specialist,75274,2014-08-08,Australia
926,Emily,Johnson,HR,HR Specialist,81963,2019-12-22,Australia
993,Robert,Johnson,HR,HR Specialist,68844,2023-02-19,Australia
138,Jane,Clark,IT,IT Support Specialist,89643,2018-11-01,Australia
141,Linda,Johnson,IT,IT Support Specialist,96031,2017-04-30,Australia
536,Mary,Doe,IT,IT Support Specialist,77177,2013-06-19,Australia
625,Jane,Johnson,IT,IT Support Specialist,81069,2017-08-17,Australia
922,Jane,Smith,IT,IT Support Specialist,61818,2017-01-18,Australia
968,Robert,Smith,IT,IT Support Specialist,53445,2018-03-27,Australia
93,Linda,Clark,Marketing,Marketing Manager,93739,2010-06-18,Australia
230,Jane,Wilson,Marketing,Marketing Manager,75590,2019-07-23,Australia
700,David,Doe,Marketing,Marketing Manager,51443,2013-07-21,Australia
741,Sara,Martinez,Marketing,Marketing Manager,88305,2010-04-01,Australia
21,John,Clark,HR,Recruiter,55407,2022-06-30,Australia
204,Robert,Doe,HR,Recruiter,78981,2022-10-07,Australia
318,Mike,Smith,HR,Recruiter,64459,2013-02-06,Australia
415,James,Brown,HR,Recruiter,49060,2022-07-11,Australia
449,Linda,Lopez,HR,Recruiter,58307,2020-09-22,Australia
498,Mike,Davis,HR,Recruiter,86957,2018-03-26,Australia
560,Jane,Brown,HR,Recruiter,68749,2013-09-20,Australia
719,John,Wilson,HR,Recruiter,61511,2013-08-02,Australia
846,David,Martinez,HR,Recruiter,81793,2010-05-12,Australia
885,Linda,Wilson,HR,Recruiter,53237,2012-06-22,Australia
976,Emily,Garcia,HR,Recruiter,72393,2013-02-15,Australia
90,Mike,Brown,Sales,Sales Executive,51763,2012-10-16,Australia
421,Robert,Martinez,Sales,Sales Executive,67938,2012-01-07,Australia
465,Mary,Wilson,Sales,Sales Executive,83408,2013-07-07,Australia
499,Mike,Brown,Sales,Sales Executive,55536,2018-10-22,Australia
501,Emily,Johnson,Sales,Sales Executive,48669,2014-09-25,Australia
528,Linda,Smith,Sales,Sales Executive,88446,2010-05-28,Australia
577,John,Garcia,Sales,Sales Executive,73516,2015-02-15,Australia
655,Mary,Lopez,Sales,Sales Executive,95063,2013-01-19,Australia
745,David,Doe,Sales,Sales Executive,50275,2016-12-20,Australia
879,Linda,Johnson,Sales,Sales Executive,95753,2014-02-19,Australia
886,David,Johnson,Sales,Sales Executive,52839,2014-02-16,Australia
927,Linda,Doe,Sales,Sales Executive,51293,2021-11-01,Australia
997,Mary,Brown,Sales,Sales Executive,52414,2018-05-14,Australia
244,Linda,Garcia,Sales,Sales Manager,63185,2011-02-02,Australia
289,Emily,Lopez,Sales,Sales Manager,67539,2021-05-10,Australia
652,Emily,Clark,Sales,Sales Manager,67540,2011-08-02,Australia
748,Linda,Smith,Sales,Sales Manager,88295,2021-03-14,Australia
912,James,Brown,Sales,Sales Manager,95007,2017-09-13,Australia
67,David,Martinez,Engineering,Software Engineer,45111,2017-07-02,Australia
237,Mary,Doe,Engineering,Software Engineer,62673,2021-10-18,Australia
365,James,Lopez,Engineering,Software Engineer,62765,2020-06-25,Australia
553,Mike,Wilson,Engineering,Software Engineer,91520,2011-09-18,Australia
729,Mike,Wilson,Engineering,Software Engineer,72833,2017-08-02,Australia
388,Jane,Martinez,IT,System Administrator,97559,2022-05-25,Australia
433,John,Smith,IT,System Administrator,49996,2014-11-26,Australia
506,Jane,Garcia,IT,System Administrator,46278,2017-10-04,Australia
672,Robert,Johnson,IT,System Administrator,49349,2019-09-17,Australia
39,John,Doe,Support,Technical Support,74106,2022-06-07,Australia
416,Jane,Martinez,Support,Technical Support,55392,2013-12-01,Australia
429,David,Lopez,Support,Technical Support,76996,2010-03-11,Australia
618,James,Davis,Support,Technical Support,45403,2018-04-14,Australia
814,John,Davis,Support,Technical Support,48733,2015-01-02,Australia
891,David,Lopez,Support,Technical Support,73555,2013-04-11,Australia
933,John,Doe,Support,Technical Support,46063,2019-05-19,Australia
29,David,Martinez,Design,UI/UX Designer,77001,2014-12-29,Australia
41,Sara,Clark,Design,UI/UX Designer,64726,2018-08-27,Australia
50,Linda,Martinez,Design,UI/UX Designer,79589,2010-02-16,Australia
262,Mike,Brown,Design,UI/UX Designer,91358,2023-05-30,Australia
538,David,Smith,Design,UI/UX Designer,55556,2014-03-02,Australia
565,Jane,Davis,Design,UI/UX Designer,58172,2014-03-10,Australia
566,Linda,Garcia,Design,UI/UX Designer,88536,2016-02-28,Australia
582,Mike,Johnson,Design,UI/UX Designer,99968,2017-07-12,Australia
738,Robert,Wilson,Design,UI/UX Designer,66739,2013-01-28,Australia
816,Jane,Doe,Design,UI/UX Designer,91261,2021-02-27,Australia
12,Mary,Clark,Finance,Accountant,54420,2013-09-15,Canada
86,John,Doe,Finance,Accountant,86206,2011-01-12,Canada
89,James,Brown,Finance,Accountant,72856,2017-08-27,Canada
270,James,Martinez,Finance,Accountant,76321,2020-06-30,Canada
542,Robert,Davis,Finance,Accountant,58571,2014-12-02,Canada
611,John,Doe,Finance,Accountant,66913,2018-01-13,Canada
4,Robert,Smith,Marketing,Content Strategist,50701,2012-06-16,Canada
158,John,Johnson,Marketing,Content Strategist,63658,2015-03-28,Canada
516,Robert,Johnson,Marketing,Content Strategist,48056,2021-03-04,Canada
687,Robert,Wilson,Marketing,Content Strategist,98315,2011-12-29,Canada
737,David,Clark,Marketing,Content Strategist,72466,2010-07-30,Canada
928,Mike,Davis,Marketing,Content Strategist,60269,2013-09-20,Canada
88,James,Wilson,Support,Customer Support Specialist,66074,2014-04-25,Canada
223,Sara,Johnson,Support,Customer Support Specialist,77242,2010-08-11,Canada
242,John,Johnson,Support,Customer Support Specialist,97886,2016-10-02,Canada
393,Jane,Johnson,Support,Customer Support Specialist,81239,2017-03-16,Canada
547,Linda,Davis,Support,Customer Support Specialist,85159,2012-02-20,Canada
735,Mary,Martinez,Support,Customer Support Specialist,93799,2019-01-19,Canada
986,Mike,Garcia,Support,Customer Support Specialist,50618,2021-09-25,Canada
150,John,Davis,Engineering,Data Scientist,86975,2013-07-07,Canada
383,John,Davis,Engineering,DevOps Engineer,99769,2018-02-26,Canada
677,Jane,Doe,Engineering,DevOps Engineer,64846,2016-08-04,Canada
752,Mary,Garcia,Engineering,DevOps Engineer,51910,2014-08-12,Canada
215,Sara,Davis,Finance,Financial Analyst,69749,2016-02-27,Canada
246,Mary,Garcia,Finance,Financial Analyst,47510,2016-05-15,Canada
452,Linda,Lopez,Finance,Financial Analyst,61905,2019-05-27,Canada
530,Robert,Garcia,Finance,Financial Analyst,84943,2022-04-07,Canada
555,Mary,Wilson,Finance,Financial Analyst,60055,2014-08-29,Canada
604,Emily,Lopez,Finance,Financial Analyst,78634,2017-06-05,Canada
24,Mike,Davis,Design,Graphic Designer,88198,2013-11-19,Canada
190,Linda,Wilson,Design,Graphic Designer,46954,2020-01-13,Canada
319,Linda,Davis,Design,Graphic Designer,88718,2023-03-04,Canada
327,Mary,Davis,Design,Graphic Designer,90322,2022-01-29,Canada
336,Robert,Lopez,Design,Graphic Designer,90627,2018-12-31,Canada
422,James,Clark,Design,Graphic Designer,63750,2012-11-08,Canada
563,David,Clark,Design,Graphic Designer,78699,2019-09-10,Canada
583,Robert,Lopez,Design,Graphic Designer,78336,2019-03-11,Canada
869,Jane,Brown,Design,Graphic Designer,94923,2023-04-19,Canada
3,John,Martinez,HR,HR Specialist,60963,2012-01-31,Canada
356,Mary,Davis,HR,HR Specialist,49965,2012-03-12,Canada
559,Mary,Lopez,HR,HR Specialist,98739,2011-07-06,Canada
627,David,Garcia,HR,HR Specialist,59216,2020-06-15,Canada
712,Jane,Clark,HR,HR Specialist,94291,2016-03-26,Canada
751,Mary,Clark,HR,HR Specialist,82889,2010-05-23,Canada
76,John,Davis,IT,IT Support Specialist,92686,2019-03-15,Canada
378,Linda,Wilson,IT,IT Support Specialist,56537,2021-04-09,Canada
446,Jane,Brown,IT,IT Support Specialist,68549,2019-02-22,Canada
493,Robert,Garcia,IT,IT Support Specialist,81611,2012-06-17,Canada
589,Mike,Davis,IT,IT Support Specialist,82510,2011-05-24,Canada
957,Emily,Garcia,IT,IT Support Specialist,71971,2018-11-21,Canada
982,Linda,Smith,IT,IT Support Specialist,96370,2013-01-09,Canada
27,David,Brown,Marketing,Marketing Manager,89630,2017-11-26,Canada
115,Sara,Wilson,Marketing,Marketing Manager,58917,2010-03-06,Canada
226,Emily,Smith,Marketing,Marketing Manager,90586,2023-09-05,Canada
701,Linda,Lopez,Marketing,Marketing Manager,72065,2012-08-03,Canada
838,Mike,Wilson,Marketing,Marketing Manager,54022,2014-02-23,Canada
918,Linda,Lopez,Marketing,Marketing Manager,59645,2021-09-21,Canada
492,David,Lopez,HR,Recruiter,96622,2012-02-17,Canada
963,James,Martinez,HR,Recruiter,95071,2010-05-23,Canada
983,Linda,Doe,HR,Recruiter,87081,2015-06-20,Canada
412,Robert,Garcia,Sales,Sales Executive,61614,2017-11-16,Canada
639,Emily,Wilson,Sales,Sales Executive,59776,2023-05-27,Canada
680,Robert,Martinez,Sales,Sales Executive,47207,2016-02-10,Canada
731,John,Clark,Sales,Sales Executive,54653,2021-06-06,Canada
761,Mike,Martinez,Sales,Sales Executive,77192,2022-03-30,Canada
11,James,Brown,Sales,Sales Manager,45101,2015-07-06,Canada
117,John,Lopez,Sales,Sales Manager,73883,2020-02-02,Canada
165,James,Johnson,Sales,Sales Manager,66373,2021-04-18,Canada
428,Linda,Doe,Sales,Sales Manager,53519,2010-01-02,Canada
448,Robert,Wilson,Sales,Sales Manager,85527,2012-03-29,Canada
557,Emily,Doe,Sales,Sales Manager,61051,2020-05-01,Canada
706,Sara,Davis,Sales,Sales Manager,91991,2021-09-07,Canada
137,David,Smith,Engineering,Software Engineer,74743,2019-10-17,Canada
389,Mary,Lopez,Engineering,Software Engineer,59518,2023-03-19,Canada
850,Linda,Doe,Engineering,Software Engineer,52616,2014-05-25,Canada
966,John,Clark,Engineering,Software Engineer,63873,2020-07-16,Canada
373,Mike,Garcia,IT,System Administrator,96934,2015-09-22,Canada
478,Emily,Martinez,IT,System Administrator,68703,2020-11-27,Canada
540,Mike,Brown,IT,System Administrator,77290,2014-07-21,Canada
546,Linda,Lopez,IT,System Administrator,66999,2023-07-07,Canada
621,Mike,Doe,IT,System Administrator,79776,2020-08-29,Canada
643,Jane,Clark,IT,System Administrator,61399,2015-05-04,Canada
934,Jane,Smith,IT,System Administrator,51752,2013-09-26,Canada
56,John,Smith,Support,Technical Support,70316,2010-06-22,Canada
243,John,Smith,Support,Technical Support,82624,2011-10-02,Canada
495,John,Davis,Support,Technical Support,59694,2011-03-25,Canada
529,Robert,Lopez,Support,Technical Support,87354,2012-02-08,Canada
884,Sara,Lopez,Support,Technical Support,90508,2015-10-13,Canada
372,Mike,Smith,Design,UI/UX Designer,67572,2022-02-12,Canada
420,Mike,Doe,Design,UI/UX Designer,52776,2010-04-24,Canada
795,David,Wilson,Design,UI/UX Designer,90365,2018-09-25,Canada
882,John,Garcia,Design,UI/UX Designer,74697,2021-09-08,Canada
899,Mary,Clark,Design,UI/UX Designer,47938,2018-03-26,Canada
911,Mike,Wilson,Design,UI/UX Designer,50635,2012-05-23,Canada
951,Robert,Clark,Design,UI/UX Designer,86632,2017-05-30,Canada
45,Emily,Doe,Finance,Accountant,74482,2010-02-13,France
209,Mary,Johnson,Finance,Accountant,82826,2017-10-02,France
375,John,Davis,Finance,Accountant,53947,2020-11-27,France
533,Linda,Martinez,Finance,Accountant,76631,2023-04-03,France
575,Sara,Lopez,Finance,Accountant,73800,2013-12-06,France
681,John,Davis,Finance,Accountant,71668,2023-03-09,France
714,Jane,Smith,Finance,Accountant,47476,2017-04-15,France
725,John,Smith,Finance,Accountant,58748,2011-08-15,France
962,James,Doe,Finance,Accountant,95834,2021-09-02,France
532,James,Martinez,Marketing,Content Strategist,78278,2010-07-27,France
843,Robert,Clark,Marketing,Content Strategist,78184,2016-01-09,France
960,Robert,Brown,Marketing,Content Strategist,75552,2021-03-14,France
171,Linda,Wilson,Support,Customer Support Specialist,78911,2010-08-27,France
232,Emily,Johnson,Support,Customer Support Specialist,67440,2020-12-25,France
341,Robert,Lopez,Support,Customer Support Specialist,58116,2017-05-30,France
434,John,Smith,Support,Customer Support Specialist,61544,2017-06-30,France
668,Jane,Lopez,Support,Customer Support Specialist,46421,2018-07-11,France
675,Mike,Smith,Support,Customer Support Specialist,45254,2017-04-22,France
772,Emily,Lopez,Support,Customer Support Specialist,65673,2014-12-29,France
818,Sara,Lopez,Support,Customer Support Specialist,76030,2023-02-14,France
441,Sara,Clark,Engineering,Data Scientist,95109,2023-07-26,France
852,Mike,Garcia,Engineering,Data Scientist,76086,2012-03-21,France
949,Jane,Brown,Engineering,Data Scientist,69335,2012-08-25,France
756,Robert,Brown,Engineering,DevOps Engineer,86856,2015-05-22,France
783,Robert,Smith,Engineering,DevOps Engineer,93700,2012-12-09,France
31,Sara,Wilson,Finance,Financial Analyst,64083,2013-11-06,France
280,Robert,Davis,Finance,Financial Analyst,79224,2020-01-10,France
703,John,Johnson,Finance,Financial Analyst,54315,2014-12-11,France
842,John,Lopez,Finance,Financial Analyst,47000,2012-03-06,France
143,Mary,Johnson,Design,Graphic Designer,54883,2021-09-27,France
308,David,Clark,Design,Graphic Designer,55235,2021-09-23,France
333,James,Brown,Design,Graphic Designer,86358,2013-12-05,France
605,John,Lopez,Design,Graphic Designer,96654,2012-10-20,France
628,Linda,Lopez,Design,Graphic Designer,77873,2021-03-04,France
716,Sara,Garcia,Design,Graphic Designer,82530,2014-04-06,France
322,John,Lopez,HR,HR Specialist,92875,2018-06-05,France
578,Robert,Clark,HR,HR Specialist,52414,2013-09-12,France
581,Emily,Martinez,HR,HR Specialist,45735,2017-03-23,France
767,Robert,Garcia,HR,HR Specialist,62300,2013-01-28,France
771,John,Garcia,HR,HR Specialist,61015,2017-03-15,France
872,Sara,Doe,HR,HR Specialist,91294,2012-03-31,France
958,Mike,Martinez,HR,HR Specialist,50990,2014-05-03,France
964,Linda,Davis,HR,HR Specialist,61696,2020-11-18,France
103,Sara,Brown,IT,IT Support Specialist,53698,2013-06-09,France
139,John,Lopez,IT,IT Support Specialist,92821,2011-08-31,France
513,Robert,Johnson,IT,IT Support Specialist,45659,2012-06-08,France
564,Mike,Wilson,IT,IT Support Specialist,52709,2014-03-03,France
592,Linda,Davis,IT,IT Support Specialist,61078,2019-10-31,France
985,Sara,Wilson,IT,IT Support Specialist,59926,2011-03-14,France
121,Jane,Martinez,Marketing,Marketing Manager,48742,2011-10-21,France
231,Robert,Lopez,Marketing,Marketing Manager,69735,2019-10-10,France
326,Jane,Martinez,Marketing,Marketing Manager,61273,2018-09-25,France
1000,John,Brown,Marketing,Marketing Manager,86577,2021-03-28,France
641,Linda,Wilson,HR,Recruiter,89454,2021-10-03,France
828,James,Clark,HR,Recruiter,48483,2010-05-19,France
38,David,Davis,Sales,Sales Executive,97686,2021-09-28,France
163,John,Doe,Sales,Sales Executive,92524,2010-02-06,France
251,John,Clark,Sales,Sales Executive,86956,2016-08-10,France
405,Sara,Lopez,Sales,Sales Executive,91590,2014-07-19,France
487,Mike,Lopez,Sales,Sales Executive,91211,2015-02-09,France
207,Jane,Wilson,Sales,Sales Manager,48177,2015-01-09,France
274,Sara,Garcia,Sales,Sales Manager,76800,2017-02-18,France
291,John,Martinez,Sales,Sales Manager,47073,2020-07-04,France
127,Mary,Wilson,Engineering,Software Engineer,72109,2021-10-24,France
220,James,Lopez,Engineering,Software Engineer,57700,2021-10-03,France
401,John,Garcia,Engineering,Software Engineer,87540,2015-01-22,France
443,Robert,Martinez,Engineering,Software Engineer,74138,2015-09-04,France
510,Jane,Brown,Engineering,Software Engineer,75528,2013-05-20,France
608,Mike,Wilson,Engineering,Software Engineer,80492,2019-12-07,France
740,David,Johnson,Engineering,Software Engineer,70391,2018-12-16,France
978,Robert,Lopez,Engineering,Software Engineer,90987,2010-03-10,France
119,Mike,Davis,IT,System Administrator,96941,2012-03-01,France
131,Robert,Martinez,IT,System Administrator,62791,2023-01-30,France
182,Sara,Garcia,IT,System Administrator,62453,2019-07-21,France
257,Jane,Davis,IT,System Administrator,85852,2022-11-12,France
343,Linda,Wilson,IT,System Administrator,74561,2015-12-17,France
398,Emily,Doe,IT,System Administrator,89402,2011-09-01,France
438,Mary,Lopez,IT,System Administrator,86297,2012-04-17,France
522,Emily,Johnson,IT,System Administrator,77896,2011-03-30,France
646,David,Brown,IT,System Administrator,87691,2020-07-27,France
910,Mike,Wilson,IT,System Administrator,57746,2022-12-25,France
970,Emily,Smith,IT,System Administrator,90531,2022-04-20,France
384,John,Doe,Support,Technical Support,82965,2011-11-06,France
461,Mary,Lopez,Support,Technical Support,94104,2020-10-29,France
746,James,Martinez,Support,Technical Support,60832,2017-11-04,France
915,David,Wilson,Support,Technical Support,60796,2010-02-19,France
114,David,Clark,Design,UI/UX Designer,88541,2021-10-01,France
682,Mary,Wilson,Design,UI/UX Designer,63325,2013-04-21,France
766,James,Lopez,Design,UI/UX Designer,54200,2022-08-19,France
822,Linda,Wilson,Design,UI/UX Designer,80119,2020-11-03,France
36,David,Smith,Finance,Accountant,85105,2020-08-11,Germany
106,Mike,Johnson,Finance,Accountant,66611,2021-01-19,Germany
112,David,Johnson,Finance,Accountant,77696,2017-04-18,Germany
186,Mike,Doe,Finance,Accountant,65709,2019-04-13,Germany
468,Robert,Brown,Finance,Accountant,62689,2019-10-14,Germany
819,Linda,Johnson,Finance,Accountant,50944,2011-11-23,Germany
914,Sara,Wilson,Finance,Accountant,84796,2022-07-25,Germany
59,Mary,Wilson,Marketing,Content Strategist,45808,2012-10-11,Germany
71,Robert,Davis,Marketing,Content Strategist,51754,2014-12-30,Germany
300,Jane,Doe,Marketing,Content Strategist,69490,2016-09-10,Germany
450,James,Brown,Marketing,Content Strategist,58265,2023-02-17,Germany
640,Emily,Lopez,Marketing,Content Strategist,57049,2013-08-13,Germany
685,Mary,Davis,Marketing,Content Strategist,56637,2023-05-29,Germany
755,David,Garcia,Marketing,Content Strategist,82709,2015-02-05,Germany
79,John,Clark,Support,Customer Support Specialist,77302,2023-04-13,Germany
335,Emily,Brown,Support,Customer Support Specialist,46919,2017-12-01,Germany
537,Sara,Wilson,Support,Customer Support Specialist,66327,2017-10-16,Germany
623,Mary,Johnson,Support,Customer Support Specialist,67304,2021-05-08,Germany
718,James,Lopez,Support,Customer Support Specialist,64051,2011-11-01,Germany
836,David,Smith,Support,Customer Support Specialist,80848,2017-08-09,Germany
863,Mike,Wilson,Support,Customer Support Specialist,57016,2018-05-24,Germany
883,John,Brown,Support,Customer Support Specialist,86540,2010-06-12,Germany
972,Sara,Smith,Support,Customer Support Specialist,49595,2021-04-20,Germany
509,Jane,Wilson,Engineering,Data Scientist,64226,2011-05-11,Germany
770,James,Lopez,Engineering,Data Scientist,81465,2011-03-18,Germany
974,John,Davis,Engineering,Data Scientist,79974,2013-06-28,Germany
214,Robert,Johnson,Engineering,DevOps Engineer,47287,2022-12-17,Germany
620,Emily,Lopez,Engineering,DevOps Engineer,94525,2017-09-12,Germany
654,Mike,Lopez,Engineering,DevOps Engineer,99950,2018-05-31,Germany
807,Robert,Smith,Engineering,DevOps Engineer,84315,2019-08-25,Germany
238,Jane,Garcia,Finance,Financial Analyst,85998,2019-03-03,Germany
255,David,Davis,Finance,Financial Analyst,78042,2015-02-28,Germany
409,David,Doe,Finance,Financial Analyst,71553,2017-03-20,Germany
552,James,Clark,Finance,Financial Analyst,98373,2013-04-17,Germany
833,David,Lopez,Finance,Financial Analyst,99697,2014-05-22,Germany
837,Mary,Johnson,Finance,Financial Analyst,62913,2018-08-29,Germany
166,Linda,Garcia,Design,Graphic Designer,85825,2011-01-28,Germany
286,David,Doe,Design,Graphic Designer,64792,2010-05-05,Germany
504,Linda,Smith,Design,Graphic Designer,93766,2010-10-23,Germany
617,Linda,Lopez,Design,Graphic Designer,45307,2021-06-30,Germany
946,Sara,Wilson,Design,Graphic Designer,75432,2018-09-08,Germany
1,Robert,Wilson,HR,HR Specialist,95161,2021-03-08,Germany
83,Robert,Lopez,HR,HR Specialist,62870,2016-10-14,Germany
293,Sara,Brown,HR,HR Specialist,65628,2016-02-01,Germany
299,Robert,Brown,HR,HR Specialist,60618,2023-01-08,Germany
410,Jane,Lopez,HR,HR Specialist,77929,2016-04-14,Germany
432,Sara,Garcia,HR,HR Specialist,70092,2014-03-05,Germany
515,James,Martinez,HR,HR Specialist,99881,2016-12-13,Germany
531,Emily,Brown,HR,HR Specialist,66177,2017-09-22,Germany
574,Mike,Doe,HR,HR Specialist,59561,2020-07-06,Germany
877,Jane,Garcia,HR,HR Specialist,71563,2010-07-06,Germany
900,Sara,Davis,HR,HR Specialist,82960,2017-08-23,Germany
15,Linda,Doe,IT,IT Support Specialist,81624,2020-09-27,Germany
105,Linda,Doe,IT,IT Support Specialist,96716,2010-05-11,Germany
113,Sara,Davis,IT,IT Support Specialist,60914,2018-11-16,Germany
320,Mike,Smith,IT,IT Support Specialist,56310,2023-01-28,Germany
370,Mary,Davis,IT,IT Support Specialist,97690,2020-09-25,Germany
704,Jane,Lopez,IT,IT Support Specialist,81528,2017-01-11,Germany
781,John,Brown,IT,IT Support Specialist,93102,2022-11-27,Germany
821,Robert,Wilson,IT,IT Support Specialist,71112,2019-11-16,Germany
936,Linda,Smith,IT,IT Support Specialist,57399,2012-07-19,Germany
943,Jane,Garcia,IT,IT Support Specialist,96198,2021-11-03,Germany
154,James,Davis,Marketing,Marketing Manager,63457,2013-08-19,Germany
187,John,Brown,Marketing,Marketing Manager,94712,2019-11-09,Germany
292,James,Smith,Marketing,Marketing Manager,64775,2014-10-03,Germany
312,James,Davis,Marketing,Marketing Manager,75500,2011-10-17,Germany
362,James,Doe,Marketing,Marketing Manager,81257,2012-06-14,Germany
385,David,Davis,Marketing,Marketing Manager,62030,2019-08-20,Germany
475,James,Martinez,Marketing,Marketing Manager,49352,2020-02-21,Germany
539,Mike,Johnson,Marketing,Marketing Manager,54087,2016-01-22,Germany
633,Mary,Davis,Marketing,Marketing Manager,87528,2023-04-22,Germany
995,Emily,Martinez,Marketing,Marketing Manager,46522,2018-01-12,Germany
23,Mary,Johnson,HR,Recruiter,77383,2011-05-08,Germany
208,Sara,Johnson,HR,Recruiter,93249,2019-06-10,Germany
247,Mary,Smith,HR,Recruiter,83229,2012-05-27,Germany
250,Robert,Lopez,HR,Recruiter,56799,2011-04-28,Germany
444,Mary,Martinez,HR,Recruiter,95134,2021-07-21,Germany
476,Emily,Martinez,HR,Recruiter,54737,2013-02-12,Germany
550,Linda,Lopez,HR,Recruiter,60241,2010-04-29,Germany
651,Linda,Doe,HR,Recruiter,83747,2021-10-01,Germany
660,Emily,Doe,HR,Recruiter,79609,2014-07-28,Germany
760,John,Clark,HR,Recruiter,96747,2013-01-17,Germany
932,Emily,Johnson,HR,Recruiter,85940,2021-12-19,Germany
987,Sara,Garcia,HR,Recruiter,52614,2014-06-12,Germany
51,Sara,Smith,Sales,Sales Executive,70290,2019-08-09,Germany
185,Mike,Lopez,Sales,Sales Executive,93681,2018-10-02,Germany
369,Linda,Wilson,Sales,Sales Executive,95666,2021-11-14,Germany
649,David,Johnson,Sales,Sales Executive,92304,2016-11-09,Germany
806,David,Johnson,Sales,Sales Executive,91995,2021-08-09,Germany
892,Robert,Brown,Sales,Sales Executive,69056,2013-03-31,Germany
179,Emily,Johnson,Sales,Sales Manager,55055,2011-01-13,Germany
285,Sara,Clark,Sales,Sales Manager,97319,2022-03-14,Germany
354,James,Martinez,Sales,Sales Manager,99215,2023-07-19,Germany
355,James,Johnson,Sales,Sales Manager,53087,2013-04-17,Germany
904,Emily,Brown,Sales,Sales Manager,58085,2012-05-25,Germany
906,Linda,Martinez,Sales,Sales Manager,54722,2020-04-11,Germany
73,John,Wilson,Engineering,Software Engineer,54703,2014-12-21,Germany
212,Emily,Martinez,Engineering,Software Engineer,69277,2023-03-26,Germany
482,Robert,Garcia,Engineering,Software Engineer,68155,2015-08-24,Germany
549,Jane,Wilson,Engineering,Software Engineer,64324,2017-07-01,Germany
584,Mary,Martinez,Engineering,Software Engineer,54190,2022-04-16,Germany
808,David,Wilson,IT,System Administrator,58878,2019-08-18,Germany
810,Emily,Johnson,IT,System Administrator,85830,2012-02-21,Germany
824,Sara,Brown,IT,System Administrator,93892,2017-10-10,Germany
942,Linda,Smith,IT,System Administrator,97102,2012-09-20,Germany
311,Linda,Wilson,Support,Technical Support,80898,2014-11-10,Germany
337,Linda,Smith,Support,Technical Support,52352,2018-03-26,Germany
662,Mary,Lopez,Support,Technical Support,51390,2010-07-14,Germany
679,Robert,Smith,Support,Technical Support,84007,2014-12-25,Germany
715,Emily,Davis,Support,Technical Support,70044,2011-10-20,Germany
723,John,Lopez,Support,Technical Support,62825,2021-03-01,Germany
917,Emily,Smith,Support,Technical Support,58360,2015-03-04,Germany
386,Sara,Lopez,Design,UI/UX Designer,67914,2016-09-03,Germany
480,Emily,Clark,Design,UI/UX Designer,90451,2015-03-16,Germany
629,John,Garcia,Design,UI/UX Designer,70558,2017-12-12,Germany
878,Jane,Doe,Design,UI/UX Designer,84591,2016-05-25,Germany
203,Jane,Clark,Finance,Accountant,61292,2013-01-31,India
325,Mike,Wilson,Finance,Accountant,72643,2018-10-15,India
799,Mike,Lopez,Finance,Accountant,63286,2016-06-30,India
68,David,Wilson,Marketing,Content Strategist,66351,2013-09-25,India
296,David,Johnson,Marketing,Content Strategist,53247,2010-06-16,India
307,Jane,Davis,Marketing,Content Strategist,71029,2015-11-11,India
402,John,Garcia,Marketing,Content Strategist,99606,2014-04-08,India
403,John,Doe,Marketing,Content Strategist,79364,2018-09-04,India
491,Mike,Smith,Marketing,Content Strategist,89451,2018-11-23,India
523,David,Martinez,Marketing,Content Strategist,74087,2012-01-19,India
597,James,Doe,Marketing,Content Strategist,45853,2015-04-26,India
16,John,Clark,Support,Customer Support Specialist,45453,2017-05-19,India
32,Robert,Smith,Support,Customer Support Specialist,57071,2019-08-18,India
55,Jane,Johnson,Support,Customer Support Specialist,65093,2023-07-08,India
110,John,Doe,Support,Customer Support Specialist,83269,2011-05-10,India
610,Linda,Brown,Support,Customer Support Specialist,74755,2016-12-15,India
42,Jane,Martinez,Engineering,Data Scientist,46659,2022-10-06,India
176,James,Smith,Engineering,Data Scientist,83051,2021-12-26,India
206,Mike,Garcia,Engineering,Data Scientist,57788,2017-10-02,India
328,James,Brown,Finance,Financial Analyst,45374,2018-01-24,India
774,Jane,Garcia,Finance,Financial Analyst,57137,2015-05-04,India
834,Mike,Smith,Finance,Financial Analyst,75259,2010-09-07,India
977,John,Johnson,Finance,Financial Analyst,99322,2010-01-24,India
96,Robert,Martinez,Design,Graphic Designer,99629,2012-08-15,India
302,Jane,Smith,Design,Graphic Designer,79336,2013-10-26,India
423,Jane,Clark,Design,Graphic Designer,59847,2015-04-05,India
460,David,Clark,Design,Graphic Designer,60702,2020-03-06,India
659,Emily,Martinez,Design,Graphic Designer,76019,2010-10-25,India
674,Sara,Davis,Design,Graphic Designer,72353,2010-12-26,India
733,James,Doe,Design,Graphic Designer,57253,2018-02-08,India
789,Mike,Doe,Design,Graphic Designer,78946,2021-12-25,India
796,David,Clark,Design,Graphic Designer,62578,2020-12-01,India
941,John,Davis,Design,Graphic Designer,75603,2010-05-03,India
81,Sara,Smith,HR,HR Specialist,60364,2011-12-06,India
87,James,Martinez,IT,IT Support Specialist,58346,2012-03-10,India
146,John,Davis,IT,IT Support Specialist,85036,2011-01-05,India
167,David,Davis,IT,IT Support Specialist,64925,2010-03-16,India
193,Emily,Johnson,IT,IT Support Specialist,67494,2014-06-11,India
272,Linda,Wilson,IT,IT Support Specialist,60031,2011-06-24,India
334,Linda,Johnson,IT,IT Support Specialist,73530,2015-06-13,India
561,James,Johnson,IT,IT Support Specialist,75944,2023-05-16,India
573,Jane,Lopez,IT,IT Support Specialist,96822,2021-06-23,India
644,John,Lopez,IT,IT Support Specialist,79661,2023-07-25,India
657,Emily,Clark,IT,IT Support Specialist,49930,2019-04-26,India
726,Sara,Martinez,IT,IT Support Specialist,75056,2012-03-28,India
847,Emily,Davis,IT,IT Support Specialist,74509,2019-05-12,India
227,Linda,Johnson,Marketing,Marketing Manager,66086,2011-08-22,India
304,Emily,Brown,Marketing,Marketing Manager,93811,2015-02-16,India
310,Emily,Wilson,Marketing,Marketing Manager,96298,2011-05-04,India
396,Linda,Wilson,Marketing,Marketing Manager,83304,2022-12-28,India
572,John,Garcia,Marketing,Marketing Manager,78873,2016-10-16,India
697,Robert,Doe,Marketing,Marketing Manager,87255,2021-12-26,India
736,Jane,Martinez,Marketing,Marketing Manager,45845,2011-10-11,India
862,Linda,Lopez,Marketing,Marketing Manager,74558,2015-07-11,India
947,David,Davis,Marketing,Marketing Manager,83396,2017-05-25,India
980,Robert,Lopez,Marketing,Marketing Manager,52493,2018-02-07,India
9,Jane,Johnson,HR,Recruiter,60293,2020-08-08,India
469,Robert,Wilson,HR,Recruiter,48665,2016-08-28,India
743,Sara,Johnson,HR,Recruiter,53425,2014-09-13,India
759,Sara,Wilson,HR,Recruiter,51412,2012-07-14,India
794,Mary,Lopez,HR,Recruiter,93228,2018-03-03,India
229,Linda,Clark,Sales,Sales Executive,61506,2012-05-04,India
427,David,Lopez,Sales,Sales Executive,70138,2015-06-05,India
466,John,Smith,Sales,Sales Executive,95689,2012-08-03,India
747,David,Clark,Sales,Sales Executive,64196,2015-07-28,India
840,Mike,Garcia,Sales,Sales Executive,54035,2011-03-28,India
191,Sara,Lopez,Sales,Sales Manager,98433,2018-07-30,India
554,Robert,Lopez,Sales,Sales Manager,93697,2012-03-08,India
739,Emily,Davis,Sales,Sales Manager,47781,2012-09-23,India
778,James,Smith,Sales,Sales Manager,72304,2021-12-14,India
907,Sara,Johnson,Sales,Sales Manager,84116,2011-01-29,India
72,David,Davis,Engineering,Software Engineer,73370,2014-03-19,India
273,James,Clark,Engineering,Software Engineer,52341,2022-08-29,India
314,David,Johnson,Engineering,Software Engineer,98215,2021-07-11,India
357,Sara,Garcia,Engineering,Software Engineer,72118,2019-06-13,India
52,David,Garcia,IT,System Administrator,84535,2018-07-29,India
673,John,Brown,IT,System Administrator,76152,2023-08-08,India
825,Linda,Garcia,IT,System Administrator,80375,2014-07-21,India
827,David,Lopez,IT,System Administrator,73783,2011-12-06,India
952,Mary,Doe,IT,System Administrator,52529,2018-10-20,India
956,Mary,Garcia,IT,System Administrator,71853,2014-11-11,India
47,Mary,Johnson,Support,Technical Support,66367,2012-05-01,India
148,James,Davis,Support,Technical Support,81168,2019-08-04,India
200,David,Doe,Support,Technical Support,99129,2012-03-05,India
374,Jane,Smith,Support,Technical Support,78187,2021-10-19,India
392,Sara,Clark,Support,Technical Support,77734,2022-05-23,India
463,Mike,Wilson,Support,Technical Support,61229,2022-10-01,India
472,David,Johnson,Support,Technical Support,90656,2023-07-25,India
477,Mary,Smith,Support,Technical Support,91929,2018-06-23,India
500,Sara,Johnson,Support,Technical Support,56888,2011-01-22,India
722,Robert,Johnson,Support,Technical Support,73364,2021-10-10,India
945,Robert,Wilson,Support,Technical Support,59671,2012-05-07,India
979,Mary,Davis,Support,Technical Support,94823,2019-12-27,India
288,Sara,Martinez,Design,UI/UX Designer,77782,2012-01-07,India
437,Sara,Smith,Design,UI/UX Designer,56879,2013-02-26,India
587,Linda,Brown,Design,UI/UX Designer,45985,2016-05-12,India
969,Mike,Smith,Design,UI/UX Designer,88942,2011-03-16,India
104,Sara,Garcia,Finance,Accountant,75290,2019-07-30,Italy
436,David,Clark,Finance,Accountant,62362,2017-08-22,Italy
671,James,Clark,Finance,Accountant,66452,2021-03-19,Italy
248,Jane,Clark,Marketing,Content Strategist,98678,2019-08-26,Italy
260,Linda,Johnson,Marketing,Content Strategist,69586,2019-06-22,Italy
404,Mary,Lopez,Marketing,Content Strategist,55462,2015-08-03,Italy
880,John,Davis,Marketing,Content Strategist,92079,2019-04-12,Italy
19,Mike,Martinez,Support,Customer Support Specialist,65421,2023-03-27,Italy
58,Robert,Johnson,Support,Customer Support Specialist,87377,2016-02-22,Italy
149,David,Martinez,Support,Customer Support Specialist,51029,2019-11-17,Italy
239,Robert,Davis,Support,Customer Support Specialist,99026,2021-08-23,Italy
734,Jane,Lopez,Support,Customer Support Specialist,69341,2019-10-19,Italy
981,Sara,Smith,Support,Customer Support Specialist,68011,2010-09-23,Italy
177,Mike,Brown,Engineering,Data Scientist,79833,2012-01-06,Italy
331,Jane,Davis,Engineering,Data Scientist,98443,2014-08-19,Italy
419,Jane,Garcia,Engineering,Data Scientist,49817,2010-05-25,Italy
543,John,Johnson,Engineering,Data Scientist,72316,2012-07-20,Italy
635,Mary,Garcia,Engineering,Data Scientist,86690,2012-07-03,Italy
656,Linda,Clark,Engineering,Data Scientist,49463,2017-10-24,Italy
728,Robert,Wilson,Engineering,Data Scientist,55317,2015-01-28,Italy
792,Linda,Clark,Engineering,Data Scientist,59935,2012-03-16,Italy
860,Mike,Lopez,Engineering,Data Scientist,64574,2014-06-23,Italy
874,John,Johnson,Engineering,Data Scientist,54776,2019-01-28,Italy
101,Sara,Martinez,Engineering,DevOps Engineer,79644,2012-07-21,Italy
413,Sara,Smith,Engineering,DevOps Engineer,86129,2013-09-26,Italy
417,Mike,Martinez,Engineering,DevOps Engineer,53976,2013-04-11,Italy
431,Linda,Garcia,Engineering,DevOps Engineer,67888,2016-03-08,Italy
258,David,Johnson,Finance,Financial Analyst,56765,2015-05-08,Italy
508,Robert,Wilson,Finance,Financial Analyst,74775,2016-01-28,Italy
798,James,Smith,Finance,Financial Analyst,99760,2021-07-27,Italy
820,Sara,Johnson,Finance,Financial Analyst,98878,2018-05-24,Italy
116,Sara,Lopez,Design,Graphic Designer,78506,2015-04-27,Italy
338,John,Clark,Design,Graphic Designer,57911,2013-09-07,Italy
503,Emily,Clark,Design,Graphic Designer,56538,2016-05-05,Italy
678,David,Garcia,Design,Graphic Designer,48644,2019-04-19,Italy
694,David,Garcia,Design,Graphic Designer,74163,2023-06-26,Italy
921,Linda,Smith,Design,Graphic Designer,68947,2014-04-13,Italy
937,Jane,Smith,Design,Graphic Designer,73069,2013-11-02,Italy
294,Sara,Davis,HR,HR Specialist,49731,2016-04-08,Italy
345,Jane,Johnson,HR,HR Specialist,71727,2022-06-25,Italy
614,Robert,Davis,HR,HR Specialist,54933,2018-05-30,Italy
664,Mary,Brown,HR,HR Specialist,82097,2010-12-23,Italy
666,Linda,Smith,HR,HR Specialist,62114,2013-12-19,Italy
776,David,Clark,HR,HR Specialist,53953,2018-11-09,Italy
931,Robert,Davis,HR,HR Specialist,82384,2012-05-07,Italy
14,Emily,Brown,IT,IT Support Specialist,96463,2014-11-02,Italy
111,James,Wilson,IT,IT Support Specialist,72891,2013-04-18,Italy
695,James,Davis,IT,IT Support Specialist,99866,2011-02-09,Italy
34,Linda,Garcia,Marketing,Marketing Manager,62853,2021-05-07,Italy
54,David,Martinez,Marketing,Marketing Manager,66870,2023-08-17,Italy
225,James,Martinez,Marketing,Marketing Manager,92719,2015-03-22,Italy
407,Sara,Lopez,Marketing,Marketing Manager,83729,2019-10-03,Italy
456,David,Martinez,Marketing,Marketing Manager,83608,2016-09-02,Italy
483,James,Martinez,Marketing,Marketing Manager,90368,2015-08-22,Italy
647,Linda,Brown,Marketing,Marketing Manager,91638,2023-07-16,Italy
895,Jane,Doe,Marketing,Marketing Manager,94097,2016-09-08,Italy
909,Jane,Doe,Marketing,Marketing Manager,76600,2021-12-09,Italy
219,Linda,Garcia,HR,Recruiter,96892,2023-03-15,Italy
418,Sara,Doe,HR,Recruiter,79482,2019-10-27,Italy
750,Jane,Brown,HR,Recruiter,82000,2019-01-31,Italy
48,Jane,Wilson,Sales,Sales Executive,80260,2018-08-16,Italy
156,James,Lopez,Sales,Sales Executive,76256,2016-02-05,Italy
159,John,Davis,Sales,Sales Executive,82975,2022-09-11,Italy
264,Linda,Johnson,Sales,Sales Executive,71543,2017-04-10,Italy
290,Mike,Wilson,Sales,Sales Executive,56439,2016-03-29,Italy
391,Robert,Martinez,Sales,Sales Executive,98976,2018-01-12,Italy
473,James,Martinez,Sales,Sales Executive,66043,2014-02-16,Italy
571,James,Lopez,Sales,Sales Executive,69773,2015-12-25,Italy
626,Robert,Brown,Sales,Sales Executive,79809,2016-01-13,Italy
699,John,Martinez,Sales,Sales Executive,56887,2018-03-24,Italy
779,Mike,Martinez,Sales,Sales Executive,66802,2018-11-02,Italy
803,Emily,Doe,Sales,Sales Executive,94166,2019-04-13,Italy
829,Linda,Doe,Sales,Sales Executive,76919,2015-06-12,Italy
894,Linda,Brown,Sales,Sales Executive,57216,2017-01-19,Italy
85,James,Johnson,Sales,Sales Manager,48303,2021-07-06,Italy
130,Jane,Clark,Sales,Sales Manager,55479,2023-09-05,Italy
199,Mary,Wilson,Sales,Sales Manager,74582,2016-11-01,Italy
520,Jane,Clark,Sales,Sales Manager,63988,2016-03-04,Italy
624,Sara,Davis,Sales,Sales Manager,60303,2013-04-24,Italy
813,Sara,Smith,Sales,Sales Manager,77762,2012-07-16,Italy
269,David,Wilson,Engineering,Software Engineer,69827,2014-06-21,Italy
282,Linda,Garcia,Engineering,Software Engineer,87470,2010-12-18,Italy
350,Emily,Lopez,Engineering,Software Engineer,72056,2017-10-26,Italy
363,Jane,Lopez,Engineering,Software Engineer,78688,2020-04-20,Italy
92,Sara,Lopez,IT,System Administrator,54199,2023-02-27,Italy
324,Robert,Doe,IT,System Administrator,92908,2012-01-17,Italy
445,Sara,Clark,IT,System Administrator,54224,2010-08-18,Italy
502,David,Davis,IT,System Administrator,83824,2020-10-13,Italy
691,Robert,Johnson,IT,System Administrator,63695,2022-03-15,Italy
762,James,Garcia,IT,System Administrator,92004,2022-10-01,Italy
84,Linda,Garcia,Support,Technical Support,48672,2016-10-04,Italy
136,John,Johnson,Support,Technical Support,45500,2010-09-13,Italy
256,James,Garcia,Support,Technical Support,55468,2014-04-07,Italy
263,John,Lopez,Support,Technical Support,79046,2019-05-10,Italy
283,John,Johnson,Support,Technical Support,96440,2019-01-04,Italy
306,Mike,Lopez,Support,Technical Support,77516,2017-12-01,Italy
467,Jane,Johnson,Support,Technical Support,89432,2012-10-08,Italy
485,John,Clark,Support,Technical Support,62194,2012-11-13,Italy
634,Sara,Wilson,Support,Technical Support,46057,2010-07-14,Italy
782,Robert,Doe,Support,Technical Support,97990,2022-12-01,Italy
132,Jane,Smith,Design,UI/UX Designer,70073,2016-06-23,Italy
173,James,Wilson,Design,UI/UX Designer,78788,2018-11-28,Italy
252,Mary,Johnson,Design,UI/UX Designer,95278,2012-05-21,Italy
278,Linda,Clark,Design,UI/UX Designer,62972,2022-09-22,Italy
303,David,Doe,Design,UI/UX Designer,73119,2012-02-15,Italy
305,James,Garcia,Design,UI/UX Designer,98218,2010-06-23,Italy
69,Robert,Brown,Finance,Accountant,57435,2019-05-30,Japan
82,Robert,Smith,Finance,Accountant,82055,2022-06-19,Japan
91,James,Martinez,Finance,Accountant,87101,2021-07-26,Japan
123,Sara,Brown,Finance,Accountant,73268,2014-03-27,Japan
217,Robert,Wilson,Finance,Accountant,57166,2018-01-15,Japan
236,Emily,Doe,Finance,Accountant,99964,2019-12-04,Japan
240,Mary,Davis,Finance,Accountant,85294,2013-02-05,Japan
368,Mary,Garcia,Finance,Accountant,64382,2018-12-03,Japan
690,David,Martinez,Finance,Accountant,62133,2016-04-10,Japan
744,Linda,Clark,Finance,Accountant,97294,2020-06-18,Japan
944,Robert,Davis,Finance,Accountant,73981,2015-11-16,Japan
996,James,Martinez,Finance,Accountant,55182,2022-12-31,Japan
175,Jane,Johnson,Marketing,Content Strategist,49289,2020-12-14,Japan
665,James,Martinez,Marketing,Content Strategist,89023,2020-12-18,Japan
693,Robert,Wilson,Marketing,Content Strategist,86997,2011-04-01,Japan
856,Linda,Garcia,Marketing,Content Strategist,67562,2015-12-28,Japan
75,Sara,Martinez,Support,Customer Support Specialist,64700,2019-07-03,Japan
569,Linda,Johnson,Support,Customer Support Specialist,71936,2023-04-15,Japan
661,Mike,Wilson,Support,Customer Support Specialist,55826,2014-03-19,Japan
787,Linda,Davis,Support,Customer Support Specialist,56403,2023-06-01,Japan
935,Linda,Brown,Support,Customer Support Specialist,79674,2017-06-02,Japan
989,David,Martinez,Support,Customer Support Specialist,99229,2022-02-22,Japan
459,James,Smith,Engineering,Data Scientist,76163,2021-12-28,Japan
494,James,Smith,Engineering,Data Scientist,62883,2015-02-23,Japan
556,James,Martinez,Engineering,Data Scientist,62016,2010-10-10,Japan
805,Jane,Lopez,Engineering,Data Scientist,65298,2016-04-07,Japan
216,Jane,Brown,Engineering,DevOps Engineer,91736,2011-01-18,Japan
638,Jane,Davis,Engineering,DevOps Engineer,77994,2012-04-01,Japan
961,Mary,Lopez,Engineering,DevOps Engineer,98689,2010-11-29,Japan
152,Mike,Lopez,Finance,Financial Analyst,77033,2019-04-18,Japan
301,Mike,Davis,Finance,Financial Analyst,79106,2023-02-25,Japan
358,Mary,Johnson,Finance,Financial Analyst,97359,2016-04-29,Japan
548,Mary,Martinez,Finance,Financial Analyst,65761,2015-07-30,Japan
599,David,Clark,Finance,Financial Analyst,89206,2013-11-07,Japan
893,Emily,Martinez,Finance,Financial Analyst,80996,2016-03-27,Japan
60,Emily,Lopez,Design,Graphic Designer,47387,2012-04-21,Japan
63,Mary,Smith,Design,Graphic Designer,50401,2015-03-18,Japan
178,Robert,Lopez,Design,Graphic Designer,77680,2010-12-28,Japan
249,Robert,Martinez,Design,Graphic Designer,94430,2017-08-26,Japan
102,Mary,Smith,HR,HR Specialist,74476,2010-04-01,Japan
122,Mike,Lopez,HR,HR Specialist,93848,2018-06-11,Japan
347,James,Garcia,HR,HR Specialist,80669,2010-03-06,Japan
474,Linda,Davis,HR,HR Specialist,83939,2014-03-21,Japan
851,Mary,Smith,HR,HR Specialist,89636,2021-06-27,Japan
855,John,Garcia,HR,HR Specialist,96634,2020-11-30,Japan
97,John,Smith,IT,IT Support Specialist,74851,2019-02-09,Japan
180,Jane,Martinez,IT,IT Support Specialist,54048,2023-02-24,Japan
183,David,Martinez,IT,IT Support Specialist,63865,2013-10-30,Japan
454,Jane,Brown,IT,IT Support Specialist,69129,2021-02-15,Japan
457,Linda,Davis,IT,IT Support Specialist,83291,2012-01-16,Japan
323,Jane,Smith,Marketing,Marketing Manager,78648,2023-07-18,Japan
609,Linda,Clark,Marketing,Marketing Manager,76210,2019-04-30,Japan
832,Mike,Lopez,Marketing,Marketing Manager,59115,2013-05-20,Japan
66,John,Lopez,HR,Recruiter,62867,2016-10-06,Japan
153,Mary,Brown,HR,Recruiter,77780,2015-10-21,Japan
637,John,Smith,HR,Recruiter,70462,2021-06-05,Japan
133,David,Davis,Sales,Sales Executive,51647,2013-07-22,Japan
511,Mike,Doe,Sales,Sales Executive,84114,2020-05-31,Japan
13,Robert,Garcia,Sales,Sales Manager,51723,2017-08-31,Japan
390,Mike,Brown,Sales,Sales Manager,83633,2021-06-18,Japan
519,Mary,Lopez,Sales,Sales Manager,71173,2022-07-04,Japan
709,John,Clark,Sales,Sales Manager,83859,2021-06-29,Japan
830,David,Brown,Sales,Sales Manager,47417,2023-02-14,Japan
505,Sara,Lopez,Engineering,Software Engineer,53697,2019-03-01,Japan
616,Mike,Wilson,Engineering,Software Engineer,77375,2023-02-19,Japan
650,Robert,Davis,Engineering,Software Engineer,55394,2014-11-15,Japan
930,Emily,Brown,Engineering,Software Engineer,98608,2016-03-12,Japan
984,David,Garcia,Engineering,Software Engineer,75729,2022-12-08,Japan
228,David,Clark,IT,System Administrator,54983,2010-05-21,Japan
424,Sara,Davis,IT,System Administrator,62591,2021-08-20,Japan
670,James,Wilson,IT,System Administrator,81210,2022-12-06,Japan
940,David,Martinez,IT,System Administrator,45374,2023-08-31,Japan
990,Mary,Martinez,IT,System Administrator,63512,2021-11-23,Japan
619,Robert,Smith,Support,Technical Support,91920,2016-04-30,Japan
763,James,Lopez,Support,Technical Support,86636,2023-03-07,Japan
817,John,Brown,Support,Technical Support,54219,2022-08-28,Japan
287,Robert,Lopez,Design,UI/UX Designer,80071,2010-01-05,Japan
435,Robert,Brown,Design,UI/UX Designer,94793,2015-08-17,Japan
800,Sara,Clark,Design,UI/UX Designer,69166,2012-03-17,Japan
959,Robert,Lopez,Design,UI/UX Designer,89901,2016-01-31,Japan
22,David,Garcia,Finance,Accountant,89842,2021-04-07,Spain
344,Sara,Smith,Finance,Accountant,84378,2016-09-03,Spain
346,Robert,Clark,Finance,Accountant,55550,2023-03-20,Spain
488,Emily,Garcia,Finance,Accountant,62383,2014-01-13,Spain
631,Emily,Doe,Finance,Accountant,63036,2011-12-08,Spain
711,Jane,Brown,Finance,Accountant,68489,2022-12-05,Spain
26,Mary,Garcia,Marketing,Content Strategist,97703,2022-10-20,Spain
74,Robert,Garcia,Marketing,Content Strategist,94480,2023-03-16,Spain
196,Mary,Smith,Marketing,Content Strategist,89622,2012-12-25,Spain
213,John,Doe,Marketing,Content Strategist,52754,2011-05-24,Spain
353,Mary,Martinez,Marketing,Content Strategist,54059,2014-01-14,Spain
442,David,Garcia,Marketing,Content Strategist,58103,2021-07-14,Spain
447,John,Smith,Marketing,Content Strategist,64395,2022-12-11,Spain
534,Mike,Wilson,Marketing,Content Strategist,49318,2010-02-02,Spain
804,Emily,Davis,Marketing,Content Strategist,86300,2023-03-06,Spain
923,John,Clark,Marketing,Content Strategist,79739,2020-11-07,Spain
221,John,Lopez,Support,Customer Support Specialist,89266,2019-02-14,Spain
400,Emily,Clark,Support,Customer Support Specialist,71138,2021-09-20,Spain
749,Mike,Wilson,Support,Customer Support Specialist,52433,2023-02-24,Spain
868,Mary,Davis,Support,Customer Support Specialist,75196,2012-11-06,Spain
902,Mike,Smith,Support,Customer Support Specialist,94145,2022-02-06,Spain
998,Robert,Garcia,Support,Customer Support Specialist,54066,2012-06-20,Spain
18,Emily,Wilson,Engineering,Data Scientist,56538,2019-07-08,Spain
276,John,Brown,Engineering,Data Scientist,50771,2014-12-18,Spain
279,Emily,Garcia,Engineering,Data Scientist,71444,2013-02-19,Spain
406,Jane,Martinez,Engineering,Data Scientist,62078,2013-06-17,Spain
521,David,Clark,Engineering,Data Scientist,72990,2012-03-31,Spain
717,Mike,Davis,Engineering,Data Scientist,45683,2018-04-17,Spain
939,Robert,Martinez,Engineering,Data Scientist,79502,2010-03-24,Spain
507,John,Martinez,Engineering,DevOps Engineer,62976,2016-02-18,Spain
758,Sara,Clark,Engineering,DevOps Engineer,57790,2023-04-23,Spain
861,Jane,Smith,Engineering,DevOps Engineer,50089,2021-05-21,Spain
955,Linda,Clark,Engineering,DevOps Engineer,79804,2016-04-21,Spain
64,Mike,Doe,Finance,Financial Analyst,46986,2017-08-09,Spain
234,Mike,Martinez,Finance,Financial Analyst,53146,2012-03-10,Spain
277,Linda,Garcia,Finance,Financial Analyst,83646,2019-09-19,Spain
481,John,Doe,Finance,Financial Analyst,52755,2014-06-30,Spain
710,Robert,Johnson,Finance,Financial Analyst,76131,2010-05-14,Spain
768,Emily,Davis,Finance,Financial Analyst,78326,2017-11-16,Spain
10,David,Brown,Design,Graphic Designer,98359,2022-07-31,Spain
35,John,Lopez,Design,Graphic Designer,96791,2023-05-31,Spain
169,Jane,Martinez,Design,Graphic Designer,49566,2014-02-19,Spain
192,Mike,Garcia,Design,Graphic Designer,81122,2022-10-01,Spain
332,Mike,Doe,Design,Graphic Designer,97973,2015-04-17,Spain
479,Mary,Johnson,Design,Graphic Designer,72181,2012-11-13,Spain
490,James,Smith,Design,Graphic Designer,48344,2018-04-24,Spain
570,David,Davis,Design,Graphic Designer,92262,2012-12-05,Spain
593,Jane,Doe,Design,Graphic Designer,77464,2013-04-20,Spain
973,Robert,Brown,Design,Graphic Designer,65103,2016-02-22,Spain
992,David,Martinez,Design,Graphic Designer,64058,2010-01-22,Spain
20,James,Brown,HR,HR Specialist,48219,2016-02-04,Spain
65,Jane,Clark,HR,HR Specialist,57335,2014-08-24,Spain
94,Mary,Wilson,HR,HR Specialist,93814,2018-11-07,Spain
727,Emily,Garcia,HR,HR Specialist,66780,2014-08-03,Spain
742,David,Davis,HR,HR Specialist,93467,2023-08-17,Spain
754,Sara,Johnson,HR,HR Specialist,81908,2012-08-26,Spain
812,Sara,Smith,HR,HR Specialist,92934,2011-10-22,Spain
870,James,Clark,HR,HR Specialist,50289,2017-06-04,Spain
953,Linda,Martinez,HR,HR Specialist,64520,2023-01-05,Spain
188,Emily,Doe,IT,IT Support Specialist,95840,2022-07-07,Spain
275,Emily,Wilson,IT,IT Support Specialist,71891,2014-03-28,Spain
591,David,Davis,IT,IT Support Specialist,75008,2021-09-27,Spain
61,David,Brown,Marketing,Marketing Manager,83464,2010-05-19,Spain
348,Emily,Davis,Marketing,Marketing Manager,66034,2020-11-27,Spain
397,Robert,Wilson,Marketing,Marketing Manager,91701,2015-11-21,Spain
602,John,Johnson,Marketing,Marketing Manager,75918,2017-05-14,Spain
708,Mike,Wilson,Marketing,Marketing Manager,87594,2021-03-02,Spain
791,Jane,Davis,Marketing,Marketing Manager,79091,2023-01-14,Spain
793,Linda,Brown,Marketing,Marketing Manager,74939,2020-06-02,Spain
844,Mike,Smith,Marketing,Marketing Manager,94853,2011-12-26,Spain
33,Robert,Johnson,HR,Recruiter,96644,2012-07-22,Spain
37,David,Brown,HR,Recruiter,87515,2016-03-31,Spain
46,Jane,Smith,HR,Recruiter,91451,2017-08-06,Spain
109,David,Davis,HR,Recruiter,98829,2010-03-19,Spain
281,David,Smith,HR,Recruiter,49132,2019-06-08,Spain
352,James,Clark,HR,Recruiter,88865,2022-06-22,Spain
426,John,Davis,HR,Recruiter,89380,2010-07-25,Spain
470,James,Martinez,HR,Recruiter,89281,2015-08-06,Spain
497,Mike,Smith,HR,Recruiter,92796,2013-01-04,Spain
518,Sara,Clark,HR,Recruiter,50612,2018-02-01,Spain
551,David,Davis,HR,Recruiter,91341,2010-12-13,Spain
854,John,Wilson,HR,Recruiter,91206,2015-04-24,Spain
971,Linda,Davis,HR,Recruiter,87257,2019-10-08,Spain
999,Mary,Smith,HR,Recruiter,45938,2016-12-20,Spain
98,Mary,Smith,Sales,Sales Executive,93988,2013-02-02,Spain
168,John,Doe,Sales,Sales Executive,60385,2015-12-19,Spain
295,James,Johnson,Sales,Sales Executive,56166,2010-06-19,Spain
648,Mike,Lopez,Sales,Sales Executive,66960,2018-11-29,Spain
764,Sara,Davis,Sales,Sales Executive,49603,2022-06-14,Spain
848,Mike,Johnson,Sales,Sales Executive,98917,2016-08-17,Spain
857,Robert,Lopez,Sales,Sales Executive,50432,2016-06-29,Spain
897,John,Wilson,Sales,Sales Executive,92008,2018-11-15,Spain
8,Emily,Lopez,Sales,Sales Manager,60042,2012-02-27,Spain
254,Sara,Wilson,Sales,Sales Manager,77506,2022-01-28,Spain
853,James,Clark,Sales,Sales Manager,52812,2022-12-09,Spain
78,Mary,Garcia,Engineering,Software Engineer,74200,2019-03-24,Spain
107,James,Martinez,Engineering,Software Engineer,88147,2022-10-27,Spain
458,Emily,Brown,Engineering,Software Engineer,68865,2013-06-12,Spain
484,David,Johnson,Engineering,Software Engineer,82531,2021-09-23,Spain
140,Emily,Garcia,IT,System Administrator,78453,2012-02-06,Spain
181,Linda,Johnson,IT,System Administrator,48573,2022-08-31,Spain
411,James,Clark,IT,System Administrator,59026,2010-02-27,Spain
948,James,Doe,IT,System Administrator,57524,2020-12-27,Spain
126,Jane,Lopez,Support,Technical Support,92791,2014-03-12,Spain
157,Mary,Clark,Support,Technical Support,87648,2020-09-15,Spain
340,Linda,Wilson,Support,Technical Support,63855,2017-08-11,Spain
399,Emily,Johnson,Support,Technical Support,59207,2021-07-04,Spain
686,Mary,Smith,Support,Technical Support,94401,2014-08-19,Spain
908,Jane,Wilson,Support,Technical Support,90264,2015-01-26,Spain
925,Jane,Doe,Support,Technical Support,96466,2016-04-27,Spain
40,Mary,Garcia,Design,UI/UX Designer,89883,2016-02-02,Spain
265,James,Martinez,Design,UI/UX Designer,54006,2017-08-02,Spain
535,Jane,Brown,Design,UI/UX Designer,51275,2020-10-12,Spain
929,Emily,Smith,Design,UI/UX Designer,91337,2014-01-04,Spain
351,James,Garcia,Finance,Accountant,73030,2013-07-18,UK
439,Linda,Brown,Finance,Accountant,92325,2013-04-13,UK
688,Linda,Smith,Finance,Accountant,61388,2012-09-14,UK
811,Linda,Smith,Finance,Accountant,45276,2023-04-22,UK
887,Mary,Lopez,Finance,Accountant,52221,2016-05-26,UK
25,David,Johnson,Marketing,Content Strategist,71621,2020-01-22,UK
172,Sara,Garcia,Marketing,Content Strategist,66647,2014-03-20,UK
224,David,Johnson,Marketing,Content Strategist,46084,2019-02-03,UK
329,John,Johnson,Marketing,Content Strategist,82067,2012-11-06,UK
489,David,Garcia,Marketing,Content Strategist,95346,2011-08-29,UK
218,James,Smith,Support,Customer Support Specialist,57039,2015-06-28,UK
261,John,Smith,Support,Customer Support Specialist,55950,2015-04-27,UK
309,James,Smith,Support,Customer Support Specialist,79344,2019-08-27,UK
377,Robert,Smith,Support,Customer Support Specialist,45368,2016-01-19,UK
757,Robert,Wilson,Support,Customer Support Specialist,93872,2020-05-19,UK
889,Mary,Smith,Support,Customer Support Specialist,59447,2020-02-10,UK
905,Jane,Lopez,Support,Customer Support Specialist,88112,2022-11-23,UK
2,Linda,Johnson,Engineering,Data Scientist,52274,2010-09-26,UK
99,Robert,Garcia,Engineering,Data Scientist,74870,2010-09-17,UK
128,Sara,Garcia,Engineering,Data Scientist,77927,2016-06-13,UK
198,Emily,Davis,Engineering,Data Scientist,46066,2018-03-17,UK
202,John,Johnson,Engineering,Data Scientist,85864,2019-08-01,UK
558,Robert,Davis,Engineering,Data Scientist,93540,2022-11-12,UK
339,John,Lopez,Engineering,DevOps Engineer,94544,2016-10-18,UK
394,Jane,Martinez,Engineering,DevOps Engineer,98941,2022-06-14,UK
871,Mary,Martinez,Engineering,DevOps Engineer,47427,2014-01-09,UK
44,Mary,Doe,Finance,Financial Analyst,93955,2023-01-17,UK
108,Linda,Lopez,Finance,Financial Analyst,82420,2011-05-16,UK
541,Mike,Smith,Finance,Financial Analyst,83574,2021-05-16,UK
562,Emily,Clark,Finance,Financial Analyst,50906,2022-10-16,UK
595,Mary,Garcia,Finance,Financial Analyst,92270,2015-05-03,UK
622,Linda,Clark,Finance,Financial Analyst,97236,2014-08-31,UK
683,Mary,Wilson,Finance,Financial Analyst,76825,2010-04-14,UK
696,David,Doe,Finance,Financial Analyst,45369,2010-05-24,UK
730,Linda,Doe,Finance,Financial Analyst,78890,2012-06-21,UK
881,Mike,Brown,Finance,Financial Analyst,48046,2019-06-02,UK
938,Mary,Doe,Finance,Financial Analyst,64221,2018-03-29,UK
994,Mike,Garcia,Finance,Financial Analyst,62419,2011-04-05,UK
145,Jane,Garcia,Design,Graphic Designer,98447,2023-04-02,UK
525,Mike,Brown,Design,Graphic Designer,71713,2021-09-11,UK
586,James,Johnson,Design,Graphic Designer,68146,2014-06-26,UK
653,Linda,Clark,Design,Graphic Designer,62954,2012-05-27,UK
826,Mike,Doe,Design,Graphic Designer,81325,2014-04-02,UK
7,John,Davis,HR,HR Specialist,75153,2010-12-02,UK
160,James,Clark,HR,HR Specialist,56723,2021-09-21,UK
376,Jane,Wilson,HR,HR Specialist,74938,2010-05-15,UK
667,David,Johnson,HR,HR Specialist,76819,2022-11-08,UK
724,Emily,Lopez,HR,HR Specialist,87622,2016-04-13,UK
765,Linda,Wilson,HR,HR Specialist,88893,2018-05-01,UK
576,Mike,Davis,IT,IT Support Specialist,94365,2022-04-14,UK
601,Mary,Clark,IT,IT Support Specialist,82431,2012-06-24,UK
603,Sara,Clark,IT,IT Support Specialist,82519,2016-02-28,UK
720,James,Wilson,IT,IT Support Specialist,68240,2011-11-04,UK
788,Mary,Doe,IT,IT Support Specialist,77289,2018-07-12,UK
831,Sara,Garcia,IT,IT Support Specialist,50877,2015-02-11,UK
835,Emily,Wilson,IT,IT Support Specialist,80890,2015-08-01,UK
62,Linda,Smith,Marketing,Marketing Manager,66549,2015-04-05,UK
496,John,Doe,Marketing,Marketing Manager,50727,2010-09-13,UK
753,David,Lopez,Marketing,Marketing Manager,52216,2018-05-28,UK
867,Mary,Lopez,Marketing,Marketing Manager,95100,2015-05-06,UK
53,James,Davis,HR,Recruiter,76778,2021-01-30,UK
259,Mike,Davis,HR,Recruiter,79799,2021-04-20,UK
698,Emily,Doe,HR,Recruiter,52839,2022-09-25,UK
174,Linda,Johnson,Sales,Sales Executive,48933,2018-01-19,UK
364,Emily,Garcia,Sales,Sales Executive,93493,2018-01-10,UK
692,John,Garcia,Sales,Sales Executive,62744,2022-03-09,UK
705,Mary,Wilson,Sales,Sales Executive,49350,2016-11-22,UK
839,Robert,Brown,Sales,Sales Executive,58374,2016-09-05,UK
514,Linda,Davis,Sales,Sales Manager,67896,2011-10-28,UK
142,Linda,Johnson,Engineering,Software Engineer,96267,2016-05-24,UK
201,Mike,Wilson,Engineering,Software Engineer,89663,2019-06-18,UK
330,James,Smith,Engineering,Software Engineer,75208,2021-03-09,UK
408,Mike,Wilson,Engineering,Software Engineer,45632,2010-01-10,UK
545,Mike,Lopez,Engineering,Software Engineer,45001,2012-03-05,UK
802,Sara,Clark,Engineering,Software Engineer,98338,2014-04-22,UK
919,Robert,Garcia,Engineering,Software Engineer,70688,2020-04-01,UK
471,Robert,Doe,IT,System Administrator,85200,2015-10-29,UK
785,Robert,Johnson,IT,System Administrator,89157,2021-01-03,UK
896,James,Clark,IT,System Administrator,47675,2013-09-28,UK
913,Emily,Brown,IT,System Administrator,88325,2011-03-07,UK
129,Emily,Martinez,Support,Technical Support,66005,2016-07-22,UK
414,Emily,Brown,Support,Technical Support,86182,2010-08-17,UK
464,Emily,Garcia,Support,Technical Support,97047,2023-08-18,UK
590,Mike,Lopez,Support,Technical Support,96642,2022-06-13,UK
773,Jane,Smith,Support,Technical Support,68751,2012-09-07,UK
784,Linda,Garcia,Support,Technical Support,91411,2015-01-28,UK
43,Robert,Lopez,Design,UI/UX Designer,63255,2020-05-04,UK
144,Robert,Wilson,Design,UI/UX Designer,93021,2021-04-15,UK
387,Robert,Martinez,Design,UI/UX Designer,62141,2010-12-28,UK
645,David,Doe,Design,UI/UX Designer,94432,2022-01-19,UK
361,Sara,Garcia,Finance,Accountant,77603,2012-03-01,USA
585,Robert,Clark,Finance,Accountant,86284,2019-01-24,USA
689,Emily,Garcia,Finance,Accountant,47131,2021-07-05,USA
721,James,Wilson,Finance,Accountant,96033,2017-03-13,USA
809,Sara,Lopez,Finance,Accountant,56052,2022-09-21,USA
991,Sara,Johnson,Finance,Accountant,98527,2010-12-19,USA
170,Robert,Garcia,Marketing,Content Strategist,83858,2021-03-31,USA
568,Linda,Doe,Marketing,Content Strategist,97165,2015-10-15,USA
636,Emily,Smith,Marketing,Content Strategist,59315,2019-08-18,USA
684,Emily,Lopez,Marketing,Content Strategist,99492,2023-06-25,USA
707,Sara,Wilson,Marketing,Content Strategist,61374,2023-03-09,USA
797,James,Davis,Marketing,Content Strategist,56248,2012-09-13,USA
841,Linda,Davis,Marketing,Content Strategist,46847,2015-02-18,USA
898,Robert,Lopez,Marketing,Content Strategist,66538,2017-02-08,USA
161,Jane,Martinez,Support,Customer Support Specialist,69047,2012-12-22,USA
313,Mary,Smith,Support,Customer Support Specialist,70701,2014-10-25,USA
366,Emily,Garcia,Support,Customer Support Specialist,59314,2012-07-29,USA
967,John,Brown,Support,Customer Support Specialist,97938,2022-12-25,USA
211,David,Davis,Engineering,Data Scientist,55218,2013-12-10,USA
233,Jane,Doe,Engineering,Data Scientist,72132,2022-08-15,USA
349,James,Clark,Engineering,Data Scientist,94617,2015-10-16,USA
965,David,Johnson,Engineering,Data Scientist,88712,2023-07-30,USA
359,John,Martinez,Engineering,DevOps Engineer,90359,2011-12-03,USA
371,John,Doe,Engineering,DevOps Engineer,85786,2013-07-17,USA
606,James,Smith,Engineering,DevOps Engineer,86540,2020-09-15,USA
903,Mike,Brown,Engineering,DevOps Engineer,63684,2013-05-06,USA
988,John,Clark,Engineering,DevOps Engineer,64261,2023-07-08,USA
222,Mike,Martinez,Finance,Financial Analyst,52192,2016-01-30,USA
367,Emily,Clark,Finance,Financial Analyst,88099,2011-10-18,USA
512,Emily,Clark,Finance,Financial Analyst,51395,2020-12-25,USA
663,John,Martinez,Finance,Financial Analyst,45422,2019-06-18,USA
777,Mary,Doe,Finance,Financial Analyst,85655,2010-11-08,USA
849,Mary,Martinez,Finance,Financial Analyst,74361,2021-05-01,USA
210,James,Lopez,Design,Graphic Designer,82522,2021-05-10,USA
380,Jane,Martinez,Design,Graphic Designer,78346,2016-07-28,USA
669,Sara,Johnson,Design,Graphic Designer,87453,2015-08-20,USA
732,Emily,Martinez,Design,Graphic Designer,55925,2017-11-20,USA
769,Robert,Johnson,Design,Graphic Designer,94518,2015-01-23,USA
6,Mike,Clark,HR,HR Specialist,47961,2021-07-12,USA
95,Linda,Brown,HR,HR Specialist,68898,2021-07-04,USA
381,Sara,Wilson,HR,HR Specialist,67739,2023-04-03,USA
615,Sara,Wilson,HR,HR Specialist,93956,2013-08-22,USA
865,James,Clark,HR,HR Specialist,73518,2016-03-31,USA
5,Mary,Wilson,IT,IT Support Specialist,78738,2014-01-28,USA
135,Emily,Garcia,IT,IT Support Specialist,82811,2010-07-15,USA
297,James,Johnson,IT,IT Support Specialist,97080,2015-10-25,USA
462,Mary,Davis,IT,IT Support Specialist,68210,2021-02-02,USA
579,Jane,Davis,IT,IT Support Specialist,62195,2011-02-27,USA
594,Linda,Doe,IT,IT Support Specialist,61856,2020-12-27,USA
875,Robert,Doe,IT,IT Support Specialist,95778,2014-05-31,USA
17,Emily,Smith,Marketing,Marketing Manager,73010,2011-01-16,USA
100,Jane,Davis,Marketing,Marketing Manager,83901,2014-03-25,USA
298,Mike,Martinez,Marketing,Marketing Manager,82419,2014-08-12,USA
317,Mike,Brown,Marketing,Marketing Manager,46922,2014-03-03,USA
342,Mary,Garcia,Marketing,Marketing Manager,50223,2019-06-02,USA
440,Robert,Clark,Marketing,Marketing Manager,96510,2013-11-24,USA
596,Mike,Lopez,Marketing,Marketing Manager,90997,2016-04-23,USA
124,Robert,Smith,HR,Recruiter,59444,2011-03-21,USA
164,Mike,Doe,HR,Recruiter,89260,2017-06-03,USA
195,Robert,Brown,HR,Recruiter,74171,2018-07-02,USA
284,Sara,Doe,HR,Recruiter,56310,2015-01-02,USA
780,Sara,Doe,HR,Recruiter,90306,2015-01-17,USA
845,Mike,Doe,HR,Recruiter,84407,2023-08-06,USA
873,Mary,Smith,HR,Recruiter,85282,2021-05-06,USA
49,Mary,Martinez,Sales,Sales Executive,75481,2016-01-30,USA
241,Jane,Doe,Sales,Sales Executive,99426,2016-02-11,USA
266,Mike,Lopez,Sales,Sales Executive,70467,2016-10-03,USA
453,Robert,Martinez,Sales,Sales Executive,90366,2011-07-28,USA
598,Emily,Garcia,Sales,Sales Executive,54021,2012-03-02,USA
676,Jane,Wilson,Sales,Sales Executive,49625,2018-12-28,USA
801,Mike,Clark,Sales,Sales Executive,99621,2023-01-27,USA
890,David,Brown,Sales,Sales Executive,83908,2012-04-06,USA
28,Jane,Brown,Sales,Sales Manager,47733,2022-12-27,USA
57,Mary,Clark,Sales,Sales Manager,52423,2019-03-08,USA
184,John,Doe,Sales,Sales Manager,65444,2020-02-08,USA
382,Mary,Garcia,Sales,Sales Manager,63666,2020-06-30,USA
975,Jane,Lopez,Sales,Sales Manager,90273,2010-08-27,USA
125,David,Johnson,Engineering,Software Engineer,45369,2018-03-16,USA
235,Mary,Wilson,Engineering,Software Engineer,65563,2019-06-23,USA
253,Mary,Martinez,Engineering,Software Engineer,79929,2019-12-30,USA
876,John,Brown,Engineering,Software Engineer,61084,2019-08-27,USA
271,Linda,Johnson,IT,System Administrator,55620,2023-04-11,USA
315,Sara,Brown,IT,System Administrator,96262,2013-10-16,USA
360,Mike,Clark,IT,System Administrator,50958,2017-04-22,USA
430,Jane,Clark,IT,System Administrator,59204,2021-12-20,USA
517,Linda,Martinez,IT,System Administrator,54177,2019-05-10,USA
567,Emily,Doe,IT,System Administrator,86718,2013-05-09,USA
630,Mary,Martinez,IT,System Administrator,99668,2010-08-25,USA
632,Mary,Brown,IT,System Administrator,94750,2016-10-22,USA
815,Jane,Brown,IT,System Administrator,85922,2014-08-27,USA
823,Mike,Johnson,IT,System Administrator,65884,2020-09-07,USA
916,Linda,Brown,IT,System Administrator,46220,2020-10-17,USA
147,Linda,Wilson,Support,Technical Support,81219,2015-11-12,USA
321,Jane,Martinez,Support,Technical Support,99430,2018-08-01,USA
395,Linda,Brown,Support,Technical Support,65288,2022-01-14,USA
486,Mary,Brown,Support,Technical Support,84460,2018-11-11,USA
888,Emily,Martinez,Support,Technical Support,57272,2016-08-15,USA
954,Sara,Martinez,Support,Technical Support,65901,2012-10-10,USA
316,Sara,Clark,Design,UI/UX Designer,83282,2016-07-24,USA
526,John,Doe,Design,UI/UX Designer,93773,2020-03-07,USA
600,Linda,Davis,Design,UI/UX Designer,55409,2013-09-11,USA
607,Mike,Martinez,Design,UI/UX Designer,85470,2020-10-31,USA
924,James,Doe,Design,UI/UX Designer,64819,2016-08-02,USA